Anthony Wagner,31,Folkihra,wuuvva@kiefi.org
Minerva Baldwin,64,Boiskab,talis@bonpifi.io
Tommy McGee,25,Epradob,asnob@so.net
Edith Bell,58,Haljogloh,fububaez@zota.gov
Charlie Beck,25,Zefsewig,imumez@terucewi.net
Kate Clark,55,Ceklovdu,reejazof@uv.gov
Justin Rowe,39,Motumlu,luhdec@raz.net
Caroline Vasquez,33,Vilmojal,mub@uva.gov
Keith Bush,57,Pochaema,av@opowe.org
Duane Burton,48,Zezujiru,mibkoz@zajdif.org
Andre Rhodes,24,Ibitazre,nole@we.co.uk
Emilie Jenkins,41,Lobpajuze,sembok@gako.org
Caleb Wagner,35,Mibudi,lonre@da.com
Teresa McCormick,56,Juvadbu,ovu@vo.gov
Sarah Warner,22,Ojusufpuf,bizun@wume.org
Chad Norton,60,Fakvioha,liuj@tebob.net
Stephen Goodman,33,Gonifo,eso@hef.co.uk
Adam Mann,30,Futfusib,zumuviwo@tuzdolwiz.com
Nicholas Holmes,30,Indafco,gusoib@tac.gov
Ricardo Swanson,21,Lesovnoj,opazace@okcoku.edu
Estelle Hammond,19,Voanror,ziviz@wiofgi.com
Lulu Arnold,60,Gafliobo,korli@bi.gov
Francis Henderson,64,Jiwogi,tum@apolanka.io
Elizabeth Love,27,Jatetsic,catazzer@hovmusab.io
Hunter Brock,63,Gedeuhe,jagi@ew.gov
Anne Cain,27,Teljozim,le@ijire.org
Max Goodwin,52,Rajrusin,opuk@bubuv.edu
Elmer Ingram,21,Pupcucaz,pefizu@su.io
Jeanette May,35,Soduha,fuki@han.net
Kevin Welch,54,Ziajpul,lepwuttuf@sunuwe.io
Jean Morales,55,Jagofi,wozopopu@ofpic.gov
Leo Adams,49,Ajefapjij,fukad@murike.edu
Dean Ross,44,Ozamumwa,wu@iradek.io
Gertrude Fernandez,46,Guwuhip,do@sec.edu
Adeline Hunt,58,Ficobmih,suwwo@bacin.gov
Richard Wheeler,50,Teebih,lanawohuk@wu.io
Nettie Rhodes,43,Meguwan,devivgaf@ifmubup.org
Gordon Wade,19,Ihoserjiw,gois@iznij.edu
Lewis McCarthy,63,Bikgijdi,catapcol@gorgubho.io
Bernard Bowen,60,Uwhosa,ebonodid@bosejoni.io
Sarah Chavez,22,Lomahda,keiw@ejetogis.gov
Ellen Castro,59,Fizwufow,tuhac@laokani.co.uk
Alexander Huff,47,Cavsuzda,hi@eziijulu.net
Micheal Stevens,21,Fovecdeb,pukiwoiv@zin.gov
Troy Reese,47,Iwanunofi,ejocabap@kennief.io
Jane Cobb,54,Enhakrar,zaflel@zez.com
Troy Zimmerman,56,Icsitke,wunuv@picwubomu.com
Virgie Hart,46,Rofrose,bapiwu@ri.io
Edwin Estrada,38,Jaegjut,covizho@ivli.com
Verna Maldonado,52,Opofegmat,ivaulte@eh.gov
Tommy Cole,50,Bajehte,pusvuv@romhehsi.net
Sam Gonzalez,65,Kercilu,jof@efopeiju.edu
Polly Guzman,22,Fusvupola,pe@hun.io
Sue Bishop,32,Zanotam,lod@kizih.gov
Stella Jackson,39,Takurzu,wum@ozpu.net
Maud Hall,47,Pofsezen,ohkor@bel.net
Donald Tyler,29,Amotisov,vejmar@votfi.com
Christian Gill,56,Logezivu,juccephu@kasued.edu
Willie Rios,50,Hemopa,kalen@kufahici.net
Curtis Sandoval,53,Jebtaote,mutalebuz@hebsasid.co.uk
Bertie Neal,19,Mehoejo,jiz@datkuub.edu
Lina Armstrong,39,Dureleje,ruzocur@kacok.gov
Ethan Warren,25,Nulfuwka,ubo@kukito.com
Teresa Moore,64,Nupdivic,vohvo@obzoli.gov
Emma Hammond,26,Algotin,hiwgapej@pa.io
Manuel Klein,20,Dokcekuw,lur@ekpov.edu
Frances Burke,44,Wevhesvo,ga@rovenuc.net
Estelle Fletcher,59,Lamikji,ejilis@jajin.io
Lois Schneider,32,Zulosi,nelre@uverezka.io
Rhoda Gardner,25,Voabnu,evta@ez.net
Eugene Dawson,21,Izojacbed,ohawo@nu.com
Dollie Francis,26,Visekafo,ge@ko.edu
Ethel Edwards,19,Rejiji,upo@polkuf.org
Ruby Wood,65,Foskobvad,nezfel@gelbuj.io
Eunice Santiago,21,Zutemaz,esuac@ti.org
Fanny Schwartz,31,Fugbeli,ih@kowdelu.gov
Ina Hicks,35,Kedazsi,hioso@zi.co.uk
Ronald Hall,56,Vedsertok,comawog@woabuku.gov
Edward Wright,51,Amejsu,gu@ol.co.uk
Jeanette Hanson,51,Awofuisi,riibouva@nikenki.edu
Gilbert Logan,53,Azjusac,be@defniwzu.io
Myrtle Wright,47,Wifgolipu,esboum@fo.co.uk
Frances Fisher,63,Iddukod,wisaco@zomaaw.co.uk
Edward Watkins,30,Tejjardec,ewpatum@civ.co.uk
Sean Hayes,31,Toznanez,daonviw@huc.co.uk
Logan Morgan,28,Liodijo,li@opliv.co.uk
Evan Brooks,19,Ihuasbe,jutaf@pujkiti.net
Wesley Burgess,20,Dapomki,odduven@biono.gov
Cody Stewart,27,Jarutze,nol@pivzi.co.uk
Eunice Lewis,29,Ekourgof,huwin@zubgu.gov
Florence Atkins,38,Vafjiiki,puune@derpi.io
Allen Arnold,55,Feilje,du@sa.co.uk
Edith Strickland,59,Inohihem,jima@pek.edu
Josephine Fisher,22,Iriubzo,pesko@hogo.com
Ollie Martin,52,Okauwoji,wa@epuwed.org
Ronnie McGuire,22,Fikipip,cal@hi.net
Polly Long,20,Orkele,wo@adoboh.edu
Ann Phillips,25,Kanoteicu,nabehobac@ced.gov
Lucas Moore,24,Zenutdi,edfosowi@jooh.org
Aaron Lawson,52,Kevowica,umi@cibozec.io